เดือน,อาคาร,เลขมิเตอร์,วันที่จดมิเตอร์,หน่วยที่ใช้,ค่าไฟ,ผู้จด
2026-01,A,MT-A01,2026-01-25,41620,187290,คุณเกรียงไกร
2026-01,B,MT-B02,2026-01-25,27190,122355,คุณเกรียงไกร
2026-01,C,MT-C03,2026-01-25,15550,69975,คุณมานพ
2026-02,A,MT-A01,2026-02-25,45350,204075,คุณเกรียงไกร
2026-02,B,MT-B02,2026-02-25,29340,132030,คุณเกรียงไกร
2026-02,C,MT-C03,2026-02-25,16360,73620,คุณมานพ
2026-03,A,MT-A01,2026-03-25,49470,222615,คุณเกรียงไกร
2026-03,B,MT-B02,2026-03-25,32680,147060,คุณเกรียงไกร
2026-03,C,MT-C03,2026-03-25,17900,80550,คุณมานพ
2026-04,A,MT-A01,2026-04-25,52650,236925,คุณเกรียงไกร
2026-04,B,MT-B02,2026-04-25,35330,158985,คุณเกรียงไกร
2026-04,C,MT-C03,2026-04-25,19200,86400,คุณมานพ
2026-05,A,MT-A01,2026-05-25,55910,251595,คุณเกรียงไกร
2026-05,B,MT-B02,2026-05-25,36460,164070,คุณเกรียงไกร
2026-05,C,MT-C03,2026-05-25,19640,88380,คุณมานพ
2026-06,A,MT-A01,2026-06-25,58780,264510,คุณเกรียงไกร
2026-06,B,MT-B02,2026-06-25,38440,172980,คุณเกรียงไกร
2026-06,C,MT-C03,2026-06-25,21460,96570,คุณมานพ
