เลขที่ใบเบิก,วันที่เบิก,แผนก,รายการ,จำนวน,หน่วย,ผู้อนุมัติ
SR-001,2026-09-01,บัญชี,ปากกาลูกลื่น,12,ด้าม,คุณสมพร
SR-002,2026-09-01,HR,กระดาษ A4,2,รีม,คุณวรรณา
SR-003,2026-09-01,บัญชี,กาวแท่ง,4,แท่ง,คุณสมพร
SR-004,2026-09-03,ซ่อมบำรุง,แฟ้มเอกสาร,5,เล่ม,คุณธีระ
SR-005,2026-09-05,HR,กระดาษ A4,2,รีม,คุณวรรณา
SR-006,2026-09-06,จัดซื้อ,แฟ้มเอกสาร,10,เล่ม,คุณสมพร
SR-007,2026-09-06,ซ่อมบำรุง,กาวแท่ง,2,แท่ง,คุณธีระ
SR-008,2026-09-06,HR,กระดาษ A4,2,รีม,คุณวรรณา
SR-009,2026-09-07,จัดซื้อ,เทปใส,3,ม้วน,คุณสมพร
SR-010,2026-09-11,จัดซื้อ,แฟ้มเอกสาร,10,เล่ม,คุณสมพร
SR-011,2026-09-13,HR,ปากกาลูกลื่น,20,ด้าม,คุณวรรณา
SR-012,2026-09-14,จัดซื้อ,กาวแท่ง,4,แท่ง,คุณสมพร
SR-013,2026-09-15,ซ่อมบำรุง,หมึกพิมพ์,1,ตลับ,คุณธีระ
SR-014,2026-09-16,HR,กระดาษ A4,5,รีม,คุณวรรณา
SR-015,2026-09-17,ซ่อมบำรุง,ปากกาลูกลื่น,10,ด้าม,คุณธีระ
SR-016,2026-09-17,จัดซื้อ,เทปใส,2,ม้วน,คุณสมพร
SR-017,2026-09-19,HR,แฟ้มเอกสาร,5,เล่ม,คุณวรรณา
SR-018,2026-09-23,บัญชี,เทปใส,3,ม้วน,คุณสมพร
