เลขที่ใบขอใช้รถ,วันที่ใช้รถ,ทะเบียนรถ,ปลายทาง,เลขไมล์ออก,เลขไมล์กลับ,ระยะทาง
CR-01,2026-09-03,1กข 5678,ท่าเรือแหลมฉบัง,56009,56248,239
CR-02,2026-09-03,2ขค 9012,โรงงานสระบุรี,64217,64637,420
CR-03,2026-09-06,2ขค 9012,นิคมเหมราช,64681,64957,276
CR-04,2026-09-06,2ขค 9012,สนามบินสุวรรณภูมิ,65004,65118,114
CR-05,2026-09-07,1กข 1234,สนามบินสุวรรณภูมิ,44508,44613,105
CR-06,2026-09-08,2ขค 9012,นิคมเหมราช,65129,65407,278
CR-07,2026-09-09,1กข 5678,นิคมเหมราช,56306,56585,279
CR-08,2026-09-09,1กข 5678,ท่าเรือแหลมฉบัง,56635,56877,242
CR-09,2026-09-12,1กข 5678,นิคมเหมราช,56922,57205,283
CR-10,2026-09-13,1กข 1234,นิคมอมตะนคร,44624,44754,130
CR-11,2026-09-15,1กข 5678,นิคมอมตะนคร,57226,57346,120
CR-12,2026-09-19,1กข 1234,โรงงานสระบุรี,44786,45206,420
CR-13,2026-09-21,2ขค 9012,กรมสรรพากร,65429,65505,76
CR-14,2026-09-22,1กข 5678,นิคมเหมราช,57372,57648,276
CR-15,2026-09-27,1กข 1234,โรงงานสระบุรี,45221,45639,418
CR-16,2026-09-27,1กข 1234,สนามบินสุวรรณภูมิ,45678,45791,113
CR-17,2026-09-28,1กข 1234,กรมสรรพากร,45831,45901,70
CR-18,2026-09-28,1กข 5678,สนามบินสุวรรณภูมิ,57660,57764,104
