เลขที่ใบงาน,วันที่แจ้ง,อาคาร,อุปกรณ์,ความเร่งด่วน,ค่าซ่อม,สถานะ
WO-001,2026-07-01,A,แอร์,สูง,1500,เสร็จแล้ว
WO-002,2026-07-01,B,หลอดไฟ,ต่ำ,120,เสร็จแล้ว
WO-003,2026-07-02,A,เครื่องถ่ายเอกสาร,กลาง,800,เสร็จแล้ว
WO-004,2026-07-03,C,ก๊อกน้ำ,กลาง,350,เสร็จแล้ว
WO-005,2026-07-03,B,แอร์,สูง,2200,เสร็จแล้ว
WO-006,2026-07-06,A,ประตูอัตโนมัติ,สูง,4500,กำลังซ่อม
WO-007,2026-07-07,C,หลอดไฟ,ต่ำ,120,เสร็จแล้ว
WO-008,2026-07-08,B,เครื่องทำน้ำเย็น,กลาง,600,เสร็จแล้ว
WO-009,2026-07-08,A,แอร์,สูง,1800,เสร็จแล้ว
WO-010,2026-07-09,C,เครื่องถ่ายเอกสาร,กลาง,950,กำลังซ่อม
WO-011,2026-07-10,B,ก๊อกน้ำ,ต่ำ,300,เสร็จแล้ว
WO-012,2026-07-13,A,หลอดไฟ,ต่ำ,120,เสร็จแล้ว
WO-013,2026-07-14,C,แอร์,สูง,2500,กำลังซ่อม
WO-014,2026-07-14,B,ประตูอัตโนมัติ,สูง,3900,รอซ่อม
WO-015,2026-07-15,A,เครื่องทำน้ำเย็น,กลาง,700,รอซ่อม
WO-016,2026-07-16,C,ก๊อกน้ำ,กลาง,400,รอซ่อม
WO-017,2026-07-16,B,หลอดไฟ,ต่ำ,120,รอซ่อม
WO-018,2026-07-17,A,แอร์,สูง,2000,รอซ่อม
