เลขที่ใบเบิก,รหัสพนักงาน,วันที่เดินทาง,ปลายทาง,ระยะทาง,ค่าน้ำมัน,ค่าทางด่วน,รวม
TR-01,E1021,2026-08-03,ระยอง,180,900,120,1020
TR-02,E1034,2026-08-03,ชลบุรี,90,450,60,510
TR-03,E1047,2026-08-04,สระบุรี,110,550,0,550
TR-04,E1052,2026-08-05,อยุธยา,75,375,40,415
TR-05,E1068,2026-08-05,ระยอง,180,900,120,1020
TR-06,E1071,2026-08-06,นครปฐม,60,300,0,300
TR-07,E1085,2026-08-07,ชลบุรี,90,450,60,510
TR-08,E1090,2026-08-10,ฉะเชิงเทรา,85,425,50,475
TR-09,E1103,2026-08-10,สระบุรี,110,550,0,550
TR-10,E1116,2026-08-11,ระยอง,180,900,120,1020
TR-11,E1122,2026-08-12,อยุธยา,75,375,40,415
TR-12,E1139,2026-08-13,ชลบุรี,90,450,60,510
TR-13,E1144,2026-08-14,นครปฐม,60,300,0,300
TR-14,E1158,2026-08-17,ฉะเชิงเทรา,85,425,50,475
TR-15,E1163,2026-08-18,ระยอง,180,900,120,1020
TR-16,E1177,2026-08-19,สระบุรี,110,550,0,550
TR-17,E1181,2026-08-20,ชลบุรี,90,450,60,510
TR-18,E1195,2026-08-21,อยุธยา,75,375,40,415
