เลขที่ใบสั่งซื้อ,วันที่สั่ง,ผู้ขาย,รายการ,จำนวน,ราคาต่อหน่วย,ยอดรวม
PO-2026-041,2026-08-03,บริษัท ฟ้าใสซัพพลาย จำกัด,ถุงมือนิรภัย,10,120,1200
PO-2026-042,2026-08-03,บริษัท ทุ่งทองอุปกรณ์ จำกัด,รองเท้าเซฟตี้,5,1200,6000
PO-2026-043,2026-08-04,บริษัท ฟ้าใสซัพพลาย จำกัด,ที่อุดหู,200,15,3000
PO-2026-044,2026-08-04,บริษัท ดาวเหนือเทรดดิ้ง จำกัด,แว่นตานิรภัย,20,150,3000
PO-2026-045,2026-08-09,บริษัท ฟ้าใสซัพพลาย จำกัด,ที่อุดหู,200,15,3000
PO-2026-046,2026-08-12,บริษัท ดาวเหนือเทรดดิ้ง จำกัด,หมวกนิรภัย,50,350,17500
PO-2026-047,2026-08-13,บริษัท ดาวเหนือเทรดดิ้ง จำกัด,แว่นตานิรภัย,20,150,3000
PO-2026-048,2026-08-14,บริษัท ฟ้าใสซัพพลาย จำกัด,ถุงมือนิรภัย,10,120,1200
PO-2026-049,2026-08-17,บริษัท ดาวเหนือเทรดดิ้ง จำกัด,แว่นตานิรภัย,30,150,4500
PO-2026-050,2026-08-18,บริษัท ดาวเหนือเทรดดิ้ง จำกัด,แว่นตานิรภัย,50,150,7500
PO-2026-051,2026-08-20,บริษัท ดาวเหนือเทรดดิ้ง จำกัด,แว่นตานิรภัย,10,150,1500
PO-2026-052,2026-08-20,บริษัท ฟ้าใสซัพพลาย จำกัด,ถุงมือนิรภัย,10,120,1200
PO-2026-053,2026-08-21,บริษัท ดาวเหนือเทรดดิ้ง จำกัด,แว่นตานิรภัย,30,150,4500
PO-2026-054,2026-08-21,บริษัท ฟ้าใสซัพพลาย จำกัด,ถุงมือนิรภัย,20,120,2400
PO-2026-055,2026-08-22,บริษัท ดาวเหนือเทรดดิ้ง จำกัด,หมวกนิรภัย,20,350,7000
PO-2026-056,2026-08-26,บริษัท ฟ้าใสซัพพลาย จำกัด,ที่อุดหู,100,15,1500
PO-2026-057,2026-08-27,บริษัท ดาวเหนือเทรดดิ้ง จำกัด,แว่นตานิรภัย,20,150,3000
PO-2026-058,2026-08-28,บริษัท ทุ่งทองอุปกรณ์ จำกัด,รองเท้าเซฟตี้,10,1200,12000
