รหัสอะไหล่,ชื่ออะไหล่,หมวด,คงเหลือ,หน่วย,จุดสั่งซื้อ,ที่เก็บ
SP-0101,ลูกปืน 6205,เครื่องกล,4,ตัว,5,A2
SP-0102,สายพาน B52,เครื่องกล,1,เส้น,2,A3
SP-0103,ฟิวส์ 10A,ไฟฟ้า,1,ชิ้น,2,B1
SP-0104,คอนแทคเตอร์ 3 เฟส,ไฟฟ้า,13,ตัว,5,B2
SP-0105,หลอด LED 18W,ไฟฟ้า,20,หลอด,20,B2
SP-0106,สายไฟ VCT 2x1.5,ไฟฟ้า,10,เมตร,10,B2
SP-0107,ข้อต่อลม 1/4 นิ้ว,ระบบลม,10,ชิ้น,2,C2
SP-0108,ท่อลม PU 8 มม.,ระบบลม,115,เมตร,100,C2
SP-0109,โซลินอยด์วาล์ว,ระบบลม,20,ตัว,20,C1
SP-0110,ซีลยาง 40 มม.,เครื่องกล,10,ชิ้น,10,A1
SP-0111,น้ำมันหล่อลื่น,เครื่องกล,5,ลิตร,2,A1
SP-0112,รีเลย์ 24V,ไฟฟ้า,17,ตัว,2,B2
SP-0113,เบรกเกอร์ 32A,ไฟฟ้า,4,ตัว,5,B3
SP-0114,กรองลม,ระบบลม,2,ชิ้น,2,C1
SP-0115,เกจวัดแรงดัน,ระบบลม,2,ตัว,2,C2
SP-0116,โซ่ส่งกำลัง 40,เครื่องกล,85,เมตร,10,A1
SP-0117,มอเตอร์พัดลม,ไฟฟ้า,17,ตัว,2,B1
SP-0118,ปะเก็นหน้าแปลน,เครื่องกล,35,ชิ้น,20,A3
