รหัสพนักงาน,ชื่อ-สกุล,แผนก,หลักสูตร,วันที่อบรม,ชั่วโมง,คะแนนประเมิน
E1021,สมชาย ใจดี,บัญชี,Excel พื้นฐาน,2026-06-15,3,4
E1034,สุดา รักงาน,HR,Excel พื้นฐาน,2026-06-15,3,5
E1047,วิชัย มั่นคง,ซ่อมบำรุง,ความปลอดภัยในโรงงาน,2026-06-18,6,4
E1052,นภา สายลม,จัดซื้อ,AI เบื้องต้น,2026-06-22,3,5
E1068,ประเสริฐ ทองดี,ซ่อมบำรุง,ความปลอดภัยในโรงงาน,2026-06-18,6,3
E1071,กมลา ศรีสุข,บัญชี,AI เบื้องต้น,2026-06-22,3,4
E1085,ธนา พูนผล,IT,AI เบื้องต้น,2026-06-22,3,5
E1090,รัตนา แก้วใส,HR,ความปลอดภัยในโรงงาน,2026-06-18,6,4
E1103,อนุชา บุญมา,จัดซื้อ,Excel พื้นฐาน,2026-06-15,3,3
E1116,พิมพ์ใจ ดวงดี,บัญชี,Excel พื้นฐาน,2026-06-15,3,4
E1122,สมศักดิ์ เพียรดี,ซ่อมบำรุง,AI เบื้องต้น,2026-06-22,3,4
E1139,จันทร์เพ็ญ ใจงาม,IT,Excel พื้นฐาน,2026-06-15,3,5
E1144,วีระ กล้าหาญ,ซ่อมบำรุง,ความปลอดภัยในโรงงาน,2026-06-18,6,5
E1158,ลัดดา มีสุข,จัดซื้อ,AI เบื้องต้น,2026-06-22,3,4
E1163,ชัยวัฒน์ รุ่งเรือง,IT,ความปลอดภัยในโรงงาน,2026-06-18,6,3
E1177,อรุณี ทวีผล,HR,AI เบื้องต้น,2026-06-22,3,5
E1181,บุญชัย สุขสม,บัญชี,ความปลอดภัยในโรงงาน,2026-06-18,6,4
E1195,เกศินี ชื่นใจ,จัดซื้อ,Excel พื้นฐาน,2026-06-15,3,4
