เลขที่การตรวจ,วันที่ตรวจ,พื้นที่,หัวข้อตรวจ,ผลตรวจ,จุดที่พบปัญหา,ผู้ตรวจ
SI-01,2026-09-01,โรงงาน 2,ป้ายเตือน,ผ่าน,0,คุณอำนาจ
SI-02,2026-09-03,คลังสินค้า,ถังดับเพลิง,ผ่าน,0,คุณปรีชา
SI-03,2026-09-04,โรงงาน 2,ทางหนีไฟ,ไม่ผ่าน,3,คุณอำนาจ
SI-04,2026-09-06,โรงงาน 1,ป้ายเตือน,ผ่าน,0,คุณอำนาจ
SI-05,2026-09-06,สำนักงาน,ถังดับเพลิง,ผ่าน,0,คุณปรีชา
SI-06,2026-09-08,สำนักงาน,ทางหนีไฟ,ไม่ผ่าน,3,คุณปรีชา
SI-07,2026-09-10,โรงงาน 1,ถังดับเพลิง,ไม่ผ่าน,1,คุณอำนาจ
SI-08,2026-09-15,ลานจอดรถ,ป้ายเตือน,ไม่ผ่าน,3,คุณปรีชา
SI-09,2026-09-18,ลานจอดรถ,ถังดับเพลิง,ผ่าน,0,คุณปรีชา
SI-10,2026-09-19,คลังสินค้า,ป้ายเตือน,ไม่ผ่าน,3,คุณปรีชา
SI-11,2026-09-20,สำนักงาน,ป้ายเตือน,ผ่าน,0,คุณปรีชา
SI-12,2026-09-20,ลานจอดรถ,ทางหนีไฟ,ผ่าน,0,คุณปรีชา
SI-13,2026-09-21,โรงงาน 2,ถังดับเพลิง,ผ่าน,0,คุณอำนาจ
SI-14,2026-09-22,โรงงาน 2,ไฟฉุกเฉิน,ไม่ผ่าน,4,คุณอำนาจ
SI-15,2026-09-22,โรงงาน 1,ทางหนีไฟ,ผ่าน,0,คุณอำนาจ
SI-16,2026-09-23,ลานจอดรถ,ไฟฉุกเฉิน,ผ่าน,0,คุณปรีชา
SI-17,2026-09-23,สำนักงาน,ไฟฉุกเฉิน,ผ่าน,0,คุณปรีชา
SI-18,2026-09-24,โรงงาน 1,ไฟฉุกเฉิน,ผ่าน,0,คุณอำนาจ
