เลขบัตร,วันที่,เวลาเข้า,เวลาออก,ชื่อผู้มาติดต่อ,บริษัท,แผนกที่มาพบ
V-01,2026-09-14,09:00,10:00,วิไลวรรณ สุขใจ,บริษัท น้ำเพชรวิศวกรรม จำกัด,IT
V-02,2026-09-14,09:20,09:50,สมหมาย ใจเย็น,บริษัท ทุ่งทองอุปกรณ์ จำกัด,จัดซื้อ
V-03,2026-09-14,09:40,10:10,ณัฐพล ทองคำ,บริษัท น้ำเพชรวิศวกรรม จำกัด,ซ่อมบำรุง
V-04,2026-09-14,09:45,10:45,ปิยะดา บุญมี,บริษัท น้ำเพชรวิศวกรรม จำกัด,HR
V-05,2026-09-15,11:10,12:10,อดิศักดิ์ มีชัย,บริษัท น้ำเพชรวิศวกรรม จำกัด,HR
V-06,2026-09-15,14:15,16:15,ธีรวัฒน์ ศรีงาม,บริษัท ทุ่งทองอุปกรณ์ จำกัด,จัดซื้อ
V-07,2026-09-15,15:50,17:20,กาญจนา แสงทอง,บริษัท ทุ่งทองอุปกรณ์ จำกัด,IT
V-08,2026-09-16,15:45,16:45,จิราพร รุ่งโรจน์,บริษัท ฟ้าใสซัพพลาย จำกัด,ซ่อมบำรุง
V-09,2026-09-17,08:10,09:10,เอกชัย วงศ์ใหญ่,บริษัท ดาวเหนือเทรดดิ้ง จำกัด,ซ่อมบำรุง
V-10,2026-09-17,08:20,08:50,ภานุวัฒน์ สายทอง,บริษัท ดาวเหนือเทรดดิ้ง จำกัด,ซ่อมบำรุง
V-11,2026-09-17,11:30,13:30,มาลัย คงดี,บริษัท ทุ่งทองอุปกรณ์ จำกัด,ซ่อมบำรุง
V-12,2026-09-17,12:40,13:40,ศิริพร ดีงาม,บริษัท ทุ่งทองอุปกรณ์ จำกัด,จัดซื้อ
V-13,2026-09-17,13:15,14:45,พงศกร พรหมมา,บริษัท ดาวเหนือเทรดดิ้ง จำกัด,IT
V-14,2026-09-17,13:45,15:45,วรวุฒิ ชัยมงคล,บริษัท ทุ่งทองอุปกรณ์ จำกัด,IT
V-15,2026-09-17,15:20,16:50,นันทนา เจริญสุข,บริษัท น้ำเพชรวิศวกรรม จำกัด,ซ่อมบำรุง
V-16,2026-09-18,09:20,10:20,ธนพล พูลสวัสดิ์,บริษัท ฟ้าใสซัพพลาย จำกัด,จัดซื้อ
V-17,2026-09-18,10:20,11:05,อรอุมา ทองสุข,บริษัท น้ำเพชรวิศวกรรม จำกัด,IT
V-18,2026-09-18,15:30,16:30,สุภาพร อินทร์แก้ว,บริษัท ทุ่งทองอุปกรณ์ จำกัด,HR
