รหัสทรัพย์สิน,ประเภท,ยี่ห้อ,ผู้ถือครอง,วันที่ซื้อ,ราคา,สถานะ
IT-0201,โน้ตบุ๊ก,HP,E1122,2024-07-18,35500,ใช้งาน
IT-0202,จอภาพ,LG,E1195,2025-10-20,5900,ใช้งาน
IT-0203,เครื่องพิมพ์,Brother,E1052,2023-09-16,12500,ใช้งาน
IT-0204,โน้ตบุ๊ก,Dell,E1139,2024-02-27,35500,ใช้งาน
IT-0205,จอภาพ,Dell,E1068,2023-01-02,5900,ใช้งาน
IT-0206,เครื่องพิมพ์,HP,E1103,2025-11-19,12500,ใช้งาน
IT-0207,เครื่องพิมพ์,Brother,E1158,2023-03-21,12500,ใช้งาน
IT-0208,โน้ตบุ๊ก,Dell,E1181,2023-12-17,28000,ปลดระวาง
IT-0209,โน้ตบุ๊ก,HP,E1085,2022-08-05,28000,ปลดระวาง
IT-0210,จอภาพ,LG,E1071,2025-03-24,6500,ใช้งาน
IT-0211,เครื่องพิมพ์,Brother,E1116,2024-09-16,8900,ใช้งาน
IT-0212,จอภาพ,LG,E1144,2024-04-09,5900,ใช้งาน
IT-0213,จอภาพ,Dell,E1047,2023-04-13,5900,ใช้งาน
IT-0214,โน้ตบุ๊ก,Lenovo,E1163,2025-06-18,32000,ใช้งาน
IT-0215,เครื่องพิมพ์,HP,E1034,2025-07-25,8900,ใช้งาน
IT-0216,เครื่องพิมพ์,Brother,E1021,2024-05-25,8900,ส่งซ่อม
IT-0217,เครื่องพิมพ์,HP,E1177,2023-05-14,12500,ปลดระวาง
IT-0218,โน้ตบุ๊ก,Dell,E1090,2025-12-06,32000,ใช้งาน
