เลขที่ใบรับ,วันที่รับ,เลขที่ใบสั่งซื้อ,ชื่อสินค้า,จำนวนรับ,หน่วย,คลัง
GR-001,2026-08-05,PO-2026-041,ถุงมือนิรภัย,10,คู่,คลัง 1
GR-002,2026-08-06,PO-2026-043,ที่อุดหู,200,คู่,คลัง 1
GR-003,2026-08-08,PO-2026-042,รองเท้าเซฟตี้,5,คู่,คลัง 2
GR-004,2026-08-10,PO-2026-044,แว่นตานิรภัย,20,อัน,คลัง 1
GR-005,2026-08-11,PO-2026-045,ที่อุดหู,200,คู่,คลัง 1
GR-006,2026-08-16,PO-2026-046,หมวกนิรภัย,50,ใบ,คลัง 2
GR-007,2026-08-16,PO-2026-047,แว่นตานิรภัย,20,อัน,คลัง 1
GR-008,2026-08-16,PO-2026-048,ถุงมือนิรภัย,10,คู่,คลัง 1
GR-009,2026-08-19,PO-2026-049,แว่นตานิรภัย,30,อัน,คลัง 1
GR-010,2026-08-20,PO-2026-050,แว่นตานิรภัย,50,อัน,คลัง 1
GR-011,2026-08-23,PO-2026-051,แว่นตานิรภัย,10,อัน,คลัง 1
GR-012,2026-08-23,PO-2026-052,ถุงมือนิรภัย,10,คู่,คลัง 1
GR-013,2026-08-23,PO-2026-053,แว่นตานิรภัย,30,อัน,คลัง 1
GR-014,2026-08-25,PO-2026-055,หมวกนิรภัย,20,ใบ,คลัง 2
GR-015,2026-08-27,PO-2026-054,ถุงมือนิรภัย,20,คู่,คลัง 1
GR-016,2026-08-29,PO-2026-056,ที่อุดหู,100,คู่,คลัง 1
GR-017,2026-08-30,PO-2026-057,แว่นตานิรภัย,20,อัน,คลัง 1
GR-018,2026-08-31,PO-2026-058,รองเท้าเซฟตี้,10,คู่,คลัง 2
